1.808692805491226852e-01,6.892129125100183717e-01,1.477013823216494770e-01
-7.970147667068341324e-01,-4.156845299656623527e-01,1.865873667406919845e-01
-8.142193125680741161e-01,3.513441248826634083e-02,2.092513748583225419e-01
-2.205769814827084896e-01,-3.021907615553977022e-01,1.808611868263882427e-01
-8.422723083370721175e-01,-7.947109643619099800e-03,1.856843164265399304e-01
7.915210099279130773e-01,6.082830990255236880e-01,1.191183955748996298e-01
3.008396824526545638e-02,-3.759823429723309629e-01,8.761915790449950614e-02
-2.802818351564808075e-01,4.453330486803917521e-01,-1.060747236079480071e-01
1.186185585446210000e-01,1.777796099797292473e-01,9.779354114210875304e-02
-7.207510963990728659e-01,1.105865936514863979e+00,-9.682153196841780662e-02
-4.251108889791265222e-01,-6.238141775759059593e-01,3.137707559003146129e-01
-3.785814879413306744e-01,-9.267060910738041946e-01,-1.320588768053725451e-02
2.439992655878709671e-01,-7.049189511394962637e-02,1.644065714586170346e-01
6.359691536018226010e-01,-2.862419857683252689e-01,-2.097330734129417701e-02
4.284769643996916844e-01,-1.638548347967601071e+00,4.162433889114210139e-02
2.262083882034663859e-02,-2.333122183480566270e-01,3.170708017065565487e-01
-3.242725767220877020e-01,-2.879236978986366990e-01,-4.867885651647873430e-02
-5.244933929581506726e-01,-8.452703366144607156e-01,-1.382830111139036755e-01
-8.322574596663860902e-01,1.082335189590128310e+00,-1.152461185541286265e-01
-3.508879535159082491e-02,9.176505681492796995e-02,1.253361653914385199e-01
4.824881957990254794e-02,9.195068308915683719e-01,-9.618204796125028044e-02
-5.827545974612029500e-01,2.437983819345273528e-01,1.705265005738873796e-01
7.052629799872937033e-01,-4.942403421744337999e-01,-3.835342673194180874e-01
3.601231435068242837e-01,4.968255327052756298e-01,-2.275265553796549933e-01
8.800015627419369157e-02,9.845981287196166054e-01,-7.671000061795942015e-02
1.717872970273515154e-01,-3.962431335724466569e-02,7.132601796775510372e-02
-4.226104133136562302e-01,-3.160242323584160351e-01,-1.405513128676742773e-01
-1.071163607497776366e-01,2.756380921004576434e-01,8.146210331116854331e-02
-3.203279438598588547e-01,4.587915729314795965e-01,-2.801106659962632195e-01
2.685696534060487695e-01,-9.330331441631306566e-02,2.767894778228697783e-01
6.351745055274151674e-01,4.382901102481223665e-01,3.008309336325848404e-01
6.998664786300234919e-01,-2.110980109486503345e-02,2.769508282267430996e-02
3.054983604055521162e-01,1.064162252685139920e-01,-4.426328667479980522e-02
-1.317087147253089008e-01,1.264517281948160377e-01,4.341529638216045650e-01
2.959311549331393731e-01,1.182843178867854367e-01,-1.864644291547329635e-01
-7.835962861437631433e-02,-7.341858800054862355e-01,-8.957586267917885814e-02
-4.486460592233046940e-01,5.461976827278712809e-01,-4.590197617083703330e-01
4.777345402459963752e-01,-5.994942859324746687e-01,-3.993741387826912348e-01
9.994963112433146168e-01,8.061117873786671773e-02,8.962551835099975828e-02
7.242230611760832604e-01,-3.371863176035979626e-01,1.415544267477017171e-01
3.187651354842054863e-01,-6.971777378455200624e-01,-3.118377025246698020e-01
6.169770375182747069e-01,-5.566291726413681307e-01,-2.695834334944706145e-01
-1.161086424566633562e-03,-6.512039043377572112e-01,-1.236512172306019480e-01
-1.018770789251882691e-01,-2.089770464623743468e-02,3.452007780323699260e-01
-5.968287320120304607e-01,2.600906280906939982e-01,9.494124542594550853e-02
3.935676462807670140e-01,2.349521769135254345e-01,-2.768906687482038942e-01
-4.920736731395846664e-01,-1.393937416007873797e-01,3.606196325573173267e-01
-1.151143336866035094e-01,7.320864666255703090e-01,-3.999102289843982083e-01
3.493391275672795837e-01,5.831642663245222291e-01,-4.718364335450479785e-02
2.284011509347185220e-01,-1.373682059186092097e-01,1.358049299386948905e-01
1.942489702335795654e-01,-6.780783705835001507e-02,1.582155963358204409e-01
4.007380279481448371e-01,3.526481175815419644e-01,3.110684731292459038e-01
-7.819085724281460426e-02,-9.716975361745445322e-03,-1.930955641306884296e-01
5.726414130295697236e-01,-2.635342615760415397e-01,2.625141514641081697e-01
1.185983782018319888e+00,-1.267336282177475848e+00,1.754284534331191081e-01
-5.972742856050166083e-01,7.820588528193106459e-01,-7.173865590629574518e-02
-7.750911784220928524e-01,7.479669649095243011e-01,-1.367808271998749436e-01
1.395036162677898151e-01,9.218252176579927459e-01,-6.001758438866743040e-02
-4.270535709615768671e-01,7.535056943046065658e-01,-1.294114698881335124e-01
-1.279647415690649825e-01,1.187481468949208807e+00,2.643696469011102002e-01
7.187009124616663414e-01,5.480083839107492416e-01,-1.327786479600781555e-01
-1.271324905748136280e-01,8.809961229569740482e-01,1.650210425735207376e-01
-2.410977360075513276e-01,-5.898007785831798078e-01,2.033049707076897694e-01
-1.086328815688811511e-01,2.240358189511245379e-01,1.672329070676912416e-02
5.952958247667938622e-03,6.601268456596202094e-01,-5.021742527421969859e-02
-4.119504430928141447e-01,-5.203261643512041568e-01,9.431932103161344561e-02
5.140274398501680775e-01,-1.382002638306917552e-01,-1.102384416643723830e-01
-2.482546228732976368e-01,-4.924833553835446520e-01,1.279985782517737702e-01
5.488991240229068591e-02,-2.644844952904915059e-01,-3.037217579935754252e-01
-3.375966923143273180e-01,-3.732794773173748193e-01,6.250946649186590598e-01
2.465327365790520031e-01,1.945225801903738283e-01,-2.067227754990599853e-01
1.161441854160104176e-01,9.756237660422984598e-03,2.320026059981137451e-02
-4.099551253848011667e-01,-5.088035032723641216e-01,8.625581231351647782e-02
4.464920346198372192e-01,3.675727058860367435e-01,-2.385574582158601353e-01
-3.295633152559935275e-01,-4.316772575355541930e-01,-2.306392901849357580e-01
-7.295809153327549312e-01,-5.291824065640995389e-01,-2.682874859815403967e-01
2.858714074029656271e-01,-4.142354903654718035e-01,1.824295190369792652e-01
1.174044077432851108e+00,-2.088394600754167385e+00,1.674177862464266142e-01
7.197081472136697133e-01,-2.746023236099115472e-01,4.377990218117552845e-01
-7.107335110319525084e-02,4.414865473208900437e-01,-2.810416760590227492e-01
-7.795039092208034814e-01,2.296983914097693869e-01,-1.649859451495297724e-01
1.842446735903684463e-01,3.837378400612204699e-01,-3.501248523321445066e-02
-5.840311810194023234e-01,2.078980981845289233e-01,1.642023311636988669e-01
1.279916487747525811e-01,-5.565788219236134093e-01,2.735411571403267295e-01
6.632414486985256374e-01,-1.989006930567490672e-01,1.134742614355730705e-01
5.488893082134440604e-01,-8.214336095661826098e-01,-1.092565024800502479e-02
-6.329996052607921309e-01,6.971475728744083167e-01,-5.752404024783371733e-02
-4.144939997271402943e-01,-4.580290399132545542e-01,3.842029196631782106e-01
-4.172346899716227187e-01,-3.194949210727127120e-01,2.586576119781530680e-01
-1.099270661460967080e-01,5.329334522591533396e-01,-4.449661054355876638e-02
-3.357826888407875431e-03,-8.029554768014405264e-01,1.472142245960825491e-01
-4.633164517105415325e-01,9.474106186259381723e-02,-1.736538901139495217e-01
-6.394794081316141909e-01,-5.145171434616579997e-02,8.598470149099581017e-02
6.887974659617199791e-01,-2.242203054469529139e-02,-2.538814373704024741e-01
-5.679623517089806839e-01,6.111765380760512262e-02,-5.818700697109777803e-02
2.372936067310390806e-01,-1.116863707478179119e-01,-4.244189018714855655e-01
8.076211898830655267e-01,-1.018995065838042891e+00,2.616306478502654631e-01
7.920822458057891202e-02,-2.089631120519130358e-01,6.816524249205777042e-02
4.198256184592813467e-01,9.381100607655736834e-01,8.855671022871716702e-02
-4.028357646732090847e-01,1.994884728518843756e-02,-8.603806687650053520e-02
-1.048411967567095759e+00,-4.031933405468383635e-01,-3.955687797893410462e-02
-1.023671420591728831e-01,-2.732649810421372005e-01,1.961807507407062334e-01
1.642913799176541345e-01,-4.548736062783911294e-01,-2.610099209019696720e-01
4.299879919404407391e-01,-6.022942323381426100e-01,-3.234530934649061940e-01
-6.615158793242389423e-01,4.037494918709284564e-01,-2.550107313017503374e-01
-1.027887940253267018e-01,2.987857194742082889e-01,-3.017178890648188339e-01
4.320652609929230836e-01,4.508519615195873131e-02,-1.206681268939280571e-01
1.232840138485681719e-01,3.534845018960651730e-01,4.245245053604009694e-02
8.125000928948000745e-01,-5.331095500890354888e-01,-2.177348843536516115e-02
1.166078282003928157e+00,6.288996895761155281e-01,-5.393458433999184093e-02
-5.779785691707864936e-01,-8.676811158513760835e-01,-2.226058032372928985e-01
-7.140512739278383203e-02,-2.105170411587628243e-01,1.269570490709520105e-01
3.319005220040652793e-01,6.232018213747840540e-02,-9.336205767192996829e-02
7.526198665783503383e-01,4.509079860283529695e-01,-2.439458360060656195e-02
4.662430394978990256e-01,2.637633257254231589e-01,-1.631406052003018803e-01
-4.466919193555664025e-01,-2.188859278442467637e-01,3.943129680208122823e-01
7.593250536053510746e-01,-1.097286316563579750e-01,-1.840031857196473553e-01
-1.386234639010436587e-01,-5.464348155478964131e-01,-1.078772751970032695e-01
-2.619436899015425979e-01,-2.403406849319065230e-01,-2.444040319519219240e-01
-4.790699067245386411e-01,3.264139619812885806e-01,-3.972579700797916336e-01
-6.222622169576907947e-01,-7.371183342748584000e-01,3.691000532295385939e-01
-3.944476339883473508e-03,8.277484596740512790e-02,-4.060988381975360051e-01
-7.933914494935017103e-01,6.470244768152235704e-01,6.041736609578329809e-01
-7.699274604266191924e-01,-1.353624873942853302e-01,5.712458614044799848e-02
6.346392186643986522e-01,4.702100255485653912e-01,-1.864172353006724736e-01
-1.904919846219082502e-01,1.779068651707956250e-01,-8.002312803465425062e-02
-1.061598834068677277e+00,-4.928609287410156692e-01,-1.073854935387421189e-01
1.243385735609134624e-01,-3.360268510759332194e-01,-1.630205079175232538e-02
-3.420587971949159978e-01,7.278734053119074732e-01,-1.771409676011532208e-01
-2.798659270837702828e-01,4.665072502123480125e-01,1.401707571584386580e-01
6.441296348015094209e-01,4.443443697175498142e-01,2.077424246028327509e-02
7.309528718965813132e-01,7.720480856349336563e-01,3.058347201413184058e-01
7.854234551803548903e-02,-1.838106422464164669e-01,1.048700792648060015e-01
5.861024175752823639e-01,-6.219644880261609998e-02,-3.038592678224689148e-01
6.852184900882658802e-02,3.022497121417773089e-02,1.602909726345470298e-01
-5.601249050908047034e-02,-2.343280088985424947e-01,3.972669508259217275e-01
7.472792722249488317e-01,-1.843260062875861499e-02,-2.843673618358881841e-02
-7.787830789836575063e-01,1.231703546596962351e+00,2.105507649571004489e-02
9.091786032082818658e-02,2.161020073074668840e-02,-9.587390916782800171e-03
-8.300423633266001966e-01,4.635376911971206271e-01,3.730681222199881963e-01
9.116777680419895225e-01,6.798657432766530562e-01,-2.434825289190155340e-01
2.759366778731220382e-01,1.537483096880843114e-01,-1.723390625501262652e-01
3.524239542178457807e-01,-4.819780396424858671e-01,-1.475798453837618429e-01
-2.212034373628486983e-01,6.005543066708829425e-01,5.531255064106414820e-02
1.967515064886030396e-01,3.758576701159088707e-02,9.584281585144230342e-02
3.716971277642878713e-01,1.619819761374016454e-01,1.193836937172962631e-01
4.033615678401476501e-01,4.082789514340759429e-01,2.646782511483246614e-01
-1.813324265033431082e-01,-4.289623708678987346e-01,1.828342946641825784e-01
4.541278249985490900e-01,3.816718230146193269e-01,-3.804925878315067456e-01
6.130568907041096249e-01,7.589581097169699475e-02,-2.400641884436855167e-01
2.652176664208082402e-01,-8.497964740686561602e-02,-1.552091235453980089e-01
-1.843290766692837201e-01,1.568877509085889466e-01,-3.271768682955480262e-02
-9.290969112367453153e-01,-7.756618131656798365e-01,-1.533662012713853939e-01
-7.888820881107025396e-02,-5.748826873285460826e-01,-1.575349021973503905e-01
1.002104413553751294e-01,-2.500278927882870674e-03,2.803248991719017313e-01
1.065891873869650563e+00,-8.726874323269452338e-01,1.666755187075648625e-01
5.812696306841765859e-01,-8.675346074492196191e-01,5.018126243447373729e-03
-1.931119310211040774e-01,-1.922369537749223922e-01,3.814863510648029699e-02
-3.467846371310438491e-01,7.303652307422068279e-01,-3.652174800340568343e-03
-5.653551428264289580e-01,2.503857869721532944e-02,1.982161128240082781e-01
3.138424146509003476e-01,-9.468327721683399423e-01,-3.205840796213155763e-01
2.262105446683621707e-02,-3.953190482866587585e-01,2.864809692348676551e-01
7.655326999897856810e-01,5.859263219422586877e-01,6.459839438061851236e-02
7.563195726034008803e-01,-1.945355708714311960e-01,4.331190938244411370e-03
5.943345162868903797e-01,-2.296921811762304630e-02,1.695357014230533532e-01
3.352303553401406733e-01,5.617338774602119722e-01,-2.170640925467319793e-01
5.146973121672331342e-01,-4.358548974105989626e-01,-1.208895756659153220e-01
5.264869434676413551e-01,-7.972045659737743151e-01,3.453006524052630588e-02
4.703202784653393032e-01,-2.296269260355187636e-01,-1.067675984805151745e-01
-9.468127369128570558e-01,2.334096576596533801e-02,2.414848868175389907e-01
2.405337030543035493e-01,-5.574107459173758272e-01,-9.916335406025570884e-03
-1.692875618498424634e-02,2.772796864533045302e-01,-8.224613580212344899e-02
-2.963567527884237718e-01,7.533747266774953877e-01,1.023922267926148655e-01
9.698267629929828715e-01,-9.393893166070702017e-02,-1.867944764636927657e-01
2.890220512591257229e-01,1.177554182017260531e-01,-2.514835619473249073e-01
1.430006288520656033e-01,8.413057689648375526e-01,-3.402212842266675308e-01
-5.867439474313793646e-01,4.676644096112280158e-01,1.450469798256279717e-02
1.444503494585533676e-01,-1.386765268821942565e-01,-5.588439408257367749e-03
3.450477995741658976e-02,-4.965734870096367715e-01,-1.578135358556528589e-01
3.355046825128292221e-01,-9.844108405302515186e-01,3.325499153201225827e-02
-8.564566130769071250e-01,4.990819001315545123e-01,-8.741450861983333931e-02
-2.743242883124560327e-01,-1.026654273645645210e+00,1.085830175615026538e-01
3.213229558226322613e-01,1.133190562824674535e-01,-1.645945368776375872e-01
2.587731627743383722e-01,-4.914790250693515938e-01,-2.379679318610162728e-02
-3.678337653921750494e-01,-3.964900076508904858e-01,2.110126531588994436e-01
1.637434774161872775e-01,-1.040252101043268151e+00,2.288935907861404384e-02
6.016960443719840956e-01,5.384081390010346801e-01,-1.050066044008913721e-02
-6.598908365463514170e-03,4.635028391020027394e-01,1.571372981135857327e-01
7.522708211881071749e-01,7.607150934026603029e-01,3.907311242133298945e-01
-6.205849879964476790e-01,-6.549605907286161210e-01,7.247594616843713866e-02
-4.773363971616569890e-01,-5.851747497938252218e-01,-6.541570775732452603e-02
-4.853472816443037408e-01,6.083502018419890689e-01,-1.052454328886038432e-01
-2.635176961560888875e-01,1.916027428899769181e-01,-2.374606354152254961e-01
-5.966176732599859367e-01,-6.140951984615257431e-02,1.530718418040938333e-01
9.638381224653281842e-01,5.197738122420711981e-01,3.813464176901638081e-01
-4.079187369366232829e-01,2.067455374726802353e-01,9.632958829167484471e-02
-4.391582408080290101e-01,-2.949564895683218918e-02,2.267076499916712840e-01
-8.861391330057826199e-01,3.483580581712331092e-01,-3.998992810947664678e-01
-6.675335087717758631e-01,1.266838726326960263e+00,9.841418426918702861e-03
1.864054402435147972e-01,1.416491520286753958e-01,-1.381962525159325106e-01
-4.519904797095880555e-01,1.039745510969309894e-01,3.352065649208010312e-01
-4.219149559991468013e-01,2.315025069871360086e-01,-1.285226063377774008e-01
2.744639380056066447e-01,1.781799806233141381e-01,-1.831546366849368668e-01
-7.139410624846437292e-01,-9.960615054191487294e-01,9.722737076298278158e-02
8.489829098116141726e-01,-5.491887708402477808e-02,-5.432080296309138578e-02
-1.609384378762842849e-01,9.051828488295807773e-01,1.209974718308780284e-01
1.811165792480049219e-01,-1.611915790392847991e-01,-1.180073190421183360e-01
8.513432964294613825e-01,1.671281824587638465e-01,8.477189740706216059e-02
9.286953530943321544e-01,-2.880944514441024021e-02,1.397614211524427497e-01
-3.483329640372279101e-01,8.769800231771001098e-01,2.438703270314527549e-01
9.138068442753524701e-02,-5.018790929616135932e-01,1.797764688429728253e-01
3.036894482248403415e-01,-1.230620181982402084e+00,-2.364830828163241583e-01
-1.133365556140340236e-01,-4.806541728483159082e-01,1.835915707898097826e-01
-8.962354215576640026e-02,-1.764875044574565344e-02,6.175206305804281648e-02
8.417843897991630908e-02,3.210520582281627400e-01,-1.351481662492888189e-02
8.878082974468894106e-02,4.270288655122700949e-01,1.654230015995083736e-01
1.296358474631965851e+00,5.805694243090263607e-01,-2.183238750353212049e-02
-4.051656360951373936e-01,-3.632145448869686377e-01,7.644810532089171828e-02
-3.187031628759573465e-01,4.162260239990185906e-01,-3.841201299156005167e-02
1.662882286211511684e-01,-1.030504392778250011e+00,-7.453102822771842662e-02
-7.051710605212333505e-01,-3.387533352624806371e-01,4.541198108754138790e-02
-1.424684751071940148e-01,4.663700688293290902e-02,1.163793596842624678e-01
-1.921716689701336855e-01,1.735771387356502826e-01,2.397170105323444544e-01
-3.114057209507926083e-01,-4.164609884017588248e-01,1.665383717775853756e-01
-3.243802005805840882e-01,7.219401011710978588e-01,-1.860424079230730832e-01
-2.733479678682902425e-01,2.843111390712683151e-01,-3.240091949546308834e-03
-5.407619370164760131e-01,7.837055628251647921e-01,7.229305573564295817e-02
-2.266123023068303544e-01,-6.041118200750721368e-01,6.134694965025286884e-01
6.398993552864065126e-01,-8.191276375943831178e-01,-2.846210545959514393e-01
9.024618603661524463e-02,-3.168130686086821912e-01,-4.617455876554511784e-02
1.302747837635385708e-01,8.078190486446150675e-01,6.562146854038433674e-02
6.526222078345923494e-01,-1.766774734012181436e-01,-3.950576902369308252e-01
4.751038653424900504e-01,1.149583726114802341e-02,1.399684622928483099e-02
2.576682510166202200e-01,-1.776979268714615090e+00,-9.495376164810644115e-02
-5.646681092677641178e-01,5.769956764109342856e-02,-2.896393280611721521e-01
5.206682310893663290e-01,-7.404899651189630894e-02,-8.011455304433877378e-02
5.289903877835041568e-01,3.473369289733629905e-02,-1.794932257816500842e-01
5.673545424677400861e-02,-1.650831345792114491e-01,-2.419151573765796481e-01
3.964839599164175499e-01,-1.075254920333801600e-01,9.868013961202556916e-02
-2.603854963773331033e-01,1.009264851519748207e+00,1.118285769092015325e-01
5.238719032077765458e-01,-6.441044514969287982e-02,-2.394803976658877454e-01
2.479929893844062538e-01,-1.402950409150087507e+00,1.970134359836332449e-01
-3.696582229542806353e-01,-4.142833328967244766e-01,1.345613202046611577e-02
-4.306413851717536545e-01,1.528077988771616158e-01,7.147559363444332126e-02
4.289867334819955635e-01,1.104551806385000168e-01,4.874430164392277720e-01
4.281432560567109968e-01,-3.190706160779624989e-01,9.970215769971517428e-02
8.839295071618600286e-01,-2.412547594161269515e-01,2.554537440977556507e-03
7.631086055189092443e-01,-3.556737174830432724e-01,4.879728811197826116e-02
1.339978746073885729e-01,8.587879087316237225e-02,1.329092752024071677e-01
-2.454343341474268525e-01,-3.432488709386246617e-01,1.400881425445019979e-01
2.037585571848946342e-01,-2.433144585502665103e-01,3.667263568380261379e-02
4.745887536629364578e-01,-3.044353256467261515e-01,-3.861266073444017538e-02
-7.499230698471437417e-01,8.945248242138106876e-02,-5.847742489246669784e-02
-5.056668376579853685e-01,5.681073791174120480e-01,-2.240343554971058748e-01
-9.151219396339664858e-01,-3.717467582575276208e-01,-6.934815725149842680e-02
-2.537551276003334744e-01,3.909950024609726849e-01,-2.082947483890088269e-01
1.487755960823414492e-01,1.975523539151795571e-01,6.279607012132174537e-01
-1.118012142458203684e+00,7.085642018046614532e-02,2.031758506395965891e-01
-4.008676693071762109e-01,3.759273347022086265e-01,-4.096245967551932765e-02
6.030594913711379013e-01,-4.583806369204573850e-01,-1.214749440916046835e-01
6.018486537895229027e-02,-2.430415884412929495e-01,5.951672004068064847e-01
9.632135394175822540e-01,5.997984994614763421e-01,2.045642428644335042e-01
7.948942203684386532e-02,-1.034011503746702088e-01,2.840675923707846606e-01
-7.189733560720026340e-01,6.159319976777453132e-01,1.498662004342347642e-01
4.911373507069349276e-01,-4.728053224343679029e-01,-1.935022479884354607e-01
6.852140264632286537e-02,4.983155134204505510e-01,1.061959150800227680e-01
-3.647121562115619442e-01,-7.751099118330936344e-01,-1.992573411328080299e-04
4.893486139724504413e-01,-9.583507041765109147e-01,9.262530352668593703e-02
-5.235250548953315208e-01,-6.212902233419344000e-01,1.162609877164491878e-01
-6.803862859499534288e-01,9.972180824750220829e-02,-7.878794581026294513e-03
1.033990927765762180e+00,-3.704912258651431034e-01,-1.333764879873611808e-01
9.536741808513651830e-02,3.750914750829155708e-01,6.575368126093947274e-02
-9.651481245017373700e-01,-9.999552646613889539e-01,5.863439698078379975e-02
6.433843789926155798e-01,5.104308681245630641e-01,7.129907592776648650e-01
3.235358110596763259e-01,-1.083944045442515255e-02,2.664606957496553075e-01
4.780775744331965393e-01,-9.469568624293447923e-02,1.507035325321341990e-01
3.841821289741041978e-01,-1.170253047093078980e+00,1.152771536708441236e-01
-1.248166446279142416e+00,1.168156073963798336e-02,1.238016768092452813e-01
-6.308627635427062341e-02,-7.887411790217965790e-02,-2.272240955675547958e-01
-4.069349385685970821e-01,2.274060288916094907e-01,9.200118879789977167e-02
1.498604926357426370e-01,-3.312024287531839528e-01,-1.177774239812112295e-01
-5.168034032662385119e-02,1.289055401671038437e-01,1.024251751283450362e-02
-1.114967364822514906e+00,8.433287591301450448e-01,1.736249714273022104e-01
-9.453718869683010173e-02,-2.624898505783537783e-01,4.585535993962230883e-02
-4.261613735536653458e-01,-3.717658890652416614e-01,-4.637327835605355858e-02
-9.195806535861922315e-02,-1.894656589655117351e-01,1.741963017286938253e-01
3.634090220063404542e-01,-2.547640675645840291e-01,1.254225295370276494e-01
8.829884146524440425e-01,8.024951171988223275e-02,-1.539242140479094023e-01
-4.739812685113762858e-01,-3.331623372186184318e-01,3.087397074010189008e-02
-1.714784582660345003e-01,-5.221332320400960958e-01,-3.804548389278447629e-02
-7.963874940100221789e-01,-2.257573283631515368e-02,1.084731876233291457e-03
-2.953181871522475577e-01,5.507233380951077617e-01,1.978541198509883164e-02
-4.393341585224801449e-01,4.120359695159188651e-01,-1.584441268806847936e-01
-7.192078657714558176e-02,-1.376063870008852108e+00,-3.013796160132852231e-01
1.263896401797250379e-01,1.257545076075827550e+00,2.411824940090153968e-01
6.029066566344644384e-02,3.322595235836515171e-01,-2.489470979889918945e-01
6.408824370223045186e-01,-6.177275655245760833e-01,-7.707767076946580968e-03
-2.366225918005724904e-01,-7.075748677861919411e-01,-1.241717071000402184e-01
-2.775716602102973884e-01,-2.229805822115979441e-01,-7.184091456167876477e-02
-3.890060490748205035e-01,-1.998421998960659696e-01,1.834171441300442781e-02
1.161508587831709516e+00,1.654683462870363275e-01,1.604359756686241922e-01
-5.147188327345082470e-01,8.879666423590464319e-01,-7.565336617911359862e-02
4.691974186741435515e-01,-2.966590530532540321e-02,-1.182918468184525895e-01
5.862120592884421250e-02,3.284323220983720315e-01,-1.916779475837895041e-01
3.121302043770775581e-01,1.217105899868576646e+00,-4.472046216400036300e-01
-2.117102434264489241e-01,-2.394182645348809646e-01,1.337374093409394171e-01
5.574275228952253469e-01,-3.693737267330624019e-01,1.218014869668628819e-01
-3.138836469015566788e-01,3.989797759186571036e-02,-1.398273272906752629e-02
1.390104422301969567e-01,-7.773252054954508106e-01,-3.470699205702946211e-01
3.100064501807031081e-01,1.754701145806105145e-01,1.677249058092656619e-01
-3.390071765328508402e-01,4.658793379190442896e-01,1.687842571219671517e-01
2.502984743962995973e-01,2.181079861639970419e-01,-2.070447468068436214e-01
-1.683323034357102899e-01,6.536959543613407586e-01,3.405268317917853338e-02
3.779579294208422202e-01,3.467055056695146353e-01,1.710601771016833639e-01
-2.155345476405728239e-02,-6.422967375692042458e-01,1.821482349925107047e-01
-5.356883293266943014e-01,-4.054616761045861106e-01,3.077179794444579453e-01
2.932805922715929769e-01,2.850503853741088167e-01,-1.263707809845948660e-01
-7.837322325852401350e-03,3.175889768681250391e-02,-6.477811211316183981e-02
4.034593891129111265e-01,-2.231094213421140060e-01,-1.528386453681387404e-02
-5.411604818502488978e-01,-2.770700329193740569e-02,-3.558748265936224897e-02
-7.226691778571312508e-01,7.254168138901111451e-01,-6.948789253403651715e-03
-5.360414212155261149e-01,-1.659685544758431885e-01,-2.257401392943625407e-01
3.169773827666448607e-02,-9.506317622459015126e-03,1.732083802440675903e-03
6.635478584390008816e-01,-1.537155985942306735e-01,1.241047819525898654e-01
3.948565995743646417e-01,5.316744262418305889e-01,-2.374459193606734408e-01
4.183860999680935611e-01,6.380665720721960810e-01,1.205112815262454201e-01
4.949389631101337450e-01,1.734007565391387784e-01,1.209771080553453809e-01
6.962970017594709571e-01,-1.230534081758286324e-01,2.832971215359837425e-01
-2.474075273917433204e-01,-4.913698974995594493e-01,-6.640316458132418109e-01
1.182713473701176854e-01,-2.787109981656215110e-02,-8.805521216941276930e-02
-3.227793792285725827e-01,-1.414796500601894491e-01,3.371758724977159116e-01
-2.354584886132576188e-02,-4.084292868637161567e-01,2.635167725347004053e-01
-4.253942331451130987e-01,-4.709621653294682742e-01,5.500522960873588038e-03
-7.472279185293054411e-03,5.267534650773736393e-01,-1.633043379230117720e-01
4.492003455035339238e-02,-5.733678936407236026e-01,-1.476962809020538336e-01
-3.696815823250080846e-01,-4.847227129158516168e-01,-1.399703363714315321e-02
-1.163134330503212688e-01,-5.404497033647912563e-01,3.175299870122803153e-02
-2.838269106688224852e-01,3.208248060464966023e-01,3.086327319557861104e-01
2.712839276585268244e-01,-5.994664497371491318e-01,-1.071815882679880705e-01
-7.185573288770134848e-02,4.198661972058365111e-01,1.105669241721745077e-01
-1.419420339282722265e+00,-2.642905150112880852e-01,-1.491640345767051845e-01
-5.939615327755954910e-01,3.178969735762223747e-01,3.901998496862079113e-01
-3.034400061914628854e-01,-2.391209564668412280e-01,-1.780019884328868374e-01
6.720279893515415659e-02,-1.047802765463691888e+00,-7.396178959685036081e-02
1.222131345352911631e-02,-1.160401561605214765e-01,2.064097731622613341e-01
-1.202080683759055579e-01,-1.081211637059759312e+00,1.816794337694139228e-01
-9.232647565098142106e-01,-3.873860215134801444e-02,6.567370140631320630e-02
-6.313297732817489960e-01,-9.137959115566891832e-02,-1.121101947314031150e-01
-5.400628034303162073e-01,-1.781465519886170912e-01,1.164031752324730037e-02
7.834850346153428013e-01,9.576519396524356409e-02,3.877302521882307618e-01
-9.454190164303745425e-02,2.923780434462617261e-01,2.734475294568498027e-01
4.560361552885254244e-01,1.478401306574599408e-02,5.903519483031772763e-01
3.814330747862327287e-01,5.406136150168334709e-01,1.617877187657217330e-01
6.356715604149135723e-01,8.003658640811746328e-02,9.907454680658422941e-02
3.677307581711820039e-01,-5.227669577043836391e-01,-2.238979678015381169e-01
7.798150062251149595e-02,-1.415171551097420821e-01,9.113778223703331016e-02
-2.820791442559678064e-01,-1.197305145471173615e+00,-2.418721612605509164e-01
-4.012211547063135875e-01,-6.381013411586704542e-01,4.439329163606619000e-01
3.224987074237018470e-01,3.718620032036131784e-01,-3.035132979344325466e-01
-4.158291394421375076e-01,7.470926180916922510e-01,1.612160573091907592e-02
9.363781117355864936e-01,6.050404651286589441e-03,-1.844695952387997162e-01
-4.562934577258516144e-01,3.060525008901382460e-01,1.114638831657586426e-01
3.461605556347562840e-01,-7.483835185673888557e-02,1.552902664718717740e-01
1.202097252587671417e+00,-4.333103626305375711e-01,-1.787820456630459520e-01
3.045382591051722931e-01,5.944961940343601592e-01,-6.514748413684465222e-02
8.013768107783525441e-01,3.182458267593547552e-01,-4.470898578606597451e-01
-3.626402638710488069e-01,5.317307180612822481e-01,4.961740329922913473e-01
1.249506157101283738e-01,2.732169234250507797e-02,2.139062315111617263e-01
-4.858244028129564684e-01,-4.148401357677039547e-01,-2.855530486760204378e-01
3.286709167298108025e-01,-1.840915351303547831e-01,8.689005815624964435e-02
3.570026536417487129e-01,-4.990708113608781360e-02,-2.149752750980415961e-01
1.754916946344274420e+00,2.560524904555963599e-01,-6.158584099885673624e-02
-1.331326013867778935e+00,-5.751034551649772952e-01,-1.508088707685098784e-01
-5.232581942915522921e-01,1.262595422952927926e-02,1.128422830574631747e-01
1.339445399859857076e-02,-1.099497572139499987e-02,-1.962742141071138757e-01
6.299817906848869109e-01,7.721579926055280318e-02,-1.121807954542716618e-01
-4.741495568058008425e-01,-2.031295259563320188e-01,6.529611182762015686e-02
2.347992307085497998e-01,2.711915097721884771e-01,-1.246040506652369012e-01
1.605757656884166940e-01,1.618780959568976441e-01,7.649267738607859468e-02
3.461851530608856531e-01,-2.942257252158152481e-01,-1.477943725606272463e-01
-2.059196259020544262e-01,-4.051170644943600796e-01,-2.118024652087588111e-01
-9.605658190147081665e-01,-4.260830761274852496e-01,-3.661538867052633317e-01
-1.584016710008761430e+00,-1.672192739008738771e-01,1.687002635065323330e-01
-6.371892871480062670e-01,-5.184010973480203122e-01,1.753148884168904131e-01
4.197746595562675820e-01,3.320285163936894102e-01,2.077026255476526195e-01
-7.234458050046591593e-01,7.050849172367434914e-01,1.051773889756117131e-01
6.111195926039318937e-01,-6.660613170183223852e-01,-2.377070978880518881e-02
-6.570064778330787503e-01,3.117879867681724870e-01,2.258949588252661955e-01
1.011326886668491715e-01,7.277689781465315200e-01,-1.046266085240858679e-01
-7.034669362686457594e-02,-1.743244680587146545e-01,7.384409544867753979e-03
7.348068195680096393e-01,-5.915751520836151078e-01,2.468575669061727831e-02
-8.234308348956895784e-01,-6.170806555875811839e-01,-5.401897749682199601e-02
-1.836081978230833800e-01,-3.754169409735950980e-02,-2.465333192246944166e-02
1.388388155633908827e+00,-2.229104891159905399e-01,2.260706653524613419e-01
-1.280444422504978530e-01,-6.850562444027281928e-02,1.334620623508489257e-01
-8.149296799016383930e-02,-1.002106072817807281e+00,1.538605200401055306e-02
1.002679989020719212e-02,-2.536633060118793637e-01,-1.198892951122226130e-01
3.404500488695309107e-02,-1.641747247712430358e-01,1.583086975199630153e-01
1.772515854205310437e-01,9.199143006290508295e-02,-8.321936587638023575e-02
-5.913356824384595478e-02,-8.225176373032716537e-01,1.187299714807538431e-01
2.600887583420264867e-02,-3.199249938721288739e-02,2.781923172509994657e-01
-6.569965784297309153e-01,-7.368027450619909491e-01,3.014967721950363375e-02
2.294640754705880303e-02,4.806932120991277979e-01,-6.116708135329813889e-02
1.869370674347956285e-01,-9.202525144115381028e-01,-2.853707815977050144e-01
4.336129879322364045e-01,3.638175995946631852e-02,5.794786453872412257e-02
1.168246701072246652e-01,7.906371459029370649e-03,-2.312283691313582745e-01
-1.103585111519908846e-01,-2.895736000658810649e-02,-2.602428720307740084e-01
-3.177921083272971514e-01,4.008231877521012398e-01,-4.895295274513644483e-03
1.426308158486843114e-01,-2.668238692607466378e-01,-3.658270130677296894e-01
5.420122805948063283e-01,-1.660112522115930744e-02,1.540032828726971628e-02
-6.317259373727279748e-01,4.205329863884217367e-01,3.332605911548872646e-01
1.470736753530837715e-01,-4.265050404255099070e-01,3.121326370686005117e-02
3.545668293173156460e-01,1.302498866494601559e+00,1.197597531472837928e-01
2.959848561882792439e-01,5.198499589552384448e-01,1.474892343503966807e-01
7.395613371347116161e-01,-7.987562926441006406e-01,3.481342967714765591e-01
8.041879420399526968e-01,-3.179898920602305390e-01,-1.007321323351585141e-01
-2.181490087438491821e-01,4.456208576733615701e-01,-6.936621586983271037e-04
-1.407219574205895163e-01,-1.215180488847770884e-01,-9.979658700561422346e-02
1.217285138131667166e+00,-8.148301332590505985e-02,-9.986652677078922818e-03
1.066879950219165041e-01,-7.132785681872695627e-02,1.529023463831337692e-01
-5.634353215209347843e-01,-6.349882413676715132e-01,2.690630767493039643e-01
-4.678074219035902592e-01,-5.993612382455745236e-01,1.502789679309843029e-01
-1.440712695931820164e+00,8.780173457076985155e-01,3.607006625626914542e-01
3.001092055454368523e-01,3.439680240272813272e-01,-4.421839001158373028e-02
-2.265453222178305803e-01,-4.139184179018290388e-01,-2.257339534340491449e-01
3.470276546041953791e-01,-9.095716126638705989e-02,8.738170493141050529e-03
4.325007445723940691e-01,-5.486709088651808841e-01,8.430713482594498487e-02
-3.958335413893040999e-01,-2.875366914827987008e-01,-8.419940851809076809e-02
2.644873788870895082e-01,-5.736555253903544704e-01,-3.532210655870935967e-01
-6.757304712575805672e-01,-2.006836025477486130e-01,-9.806735754955289708e-02
1.864827603213605467e-01,5.819338310089279265e-01,2.935838404681606062e-01
-6.809958165241675188e-01,4.051377096837052716e-01,-3.685998941129149664e-02
2.864175971824931000e-01,1.980802513243192786e-01,6.139150519323075678e-02
-3.387426506850180208e-02,-9.170150657706985786e-01,-4.346172442437190031e-01
-7.392322694085031731e-01,2.445364979476417899e-01,-4.610214356680834846e-02
1.884682953400451388e-01,1.273787466999976026e-01,1.607224450973560037e-02
1.430698419572305757e-01,-1.490768351742954023e-01,-4.664229901924137889e-01
7.495540433637450928e-01,7.702326128230837510e-01,-8.242949971315423341e-02
5.561917191940228822e-01,3.880596819819912002e-01,2.244629670698731760e-01
-1.077892385346049364e+00,4.199262407742326286e-01,2.075986761249187518e-01
1.278594030074586385e+00,-4.610178422454480618e-02,-9.496186673954634672e-02
-1.928236715115685396e-01,-9.628592357079466257e-01,-1.569647003545037167e-01
7.092696319994329368e-01,-6.004236175055943647e-01,2.267615444868561758e-01
6.413675960969850154e-01,-1.692875855398142948e-01,2.836122954085221887e-02
-2.270575201203370863e-01,-1.313889823638358934e+00,-6.630213316107917698e-02
-4.603426468998257914e-01,-3.004350643034127133e-01,4.876674503859671633e-02
4.238397313688000989e-01,-5.504316751350511044e-02,4.508789264951648113e-01
-7.845116587590273971e-01,-1.968615502515124738e-01,3.000600436837305152e-01
9.360598960503268007e-01,-3.474803895722933245e-01,-3.537616436048439394e-02
4.540470371992937904e-01,5.889870206662646268e-01,-1.445275938987125239e-02
1.412512561981188464e-01,2.521665192646304066e-01,-1.490628390852743457e-01
-6.369644625515593628e-01,1.793248168442582724e-01,-1.826814125467146664e-04
-4.121313899465396391e-01,3.125107045499001535e-01,-1.049366904050019478e-01
2.630537841124024889e-01,-5.385905677322796459e-01,2.062885681525221671e-01
5.843590980915649435e-01,5.952213825249985657e-02,1.465413158260164550e-01
6.280829299277503885e-01,8.558942390517898513e-01,-2.477913086472834370e-01
-4.363368620213879945e-01,6.058180428972325116e-01,-3.328255765400250366e-01
1.449066344243077342e-01,-3.813366585092402561e-01,2.119130656186132278e-01
9.595487668801897518e-01,-1.030825498563522763e-01,-2.851092173079012859e-01
-8.103516298300647014e-01,5.749626976567341341e-01,-1.259845810128829569e-01
-3.669706185173049473e-01,9.818044999305067799e-01,4.105279612451567250e-01
-4.859042758478445134e-01,-2.189399220055552459e-02,1.997498147116467671e-01
-4.061709602660777962e-01,2.670494650922327073e-01,3.915696490037736538e-02
-5.666127229299244839e-01,-9.150675009429093398e-01,1.320511505765886162e-01
4.140856711933707524e-02,-5.695320269300725713e-02,9.570566668375035668e-02
-6.519454594379755497e-01,7.809356731374450522e-02,2.174121040722145626e-01
5.842509800381781027e-01,-5.880531933931061328e-01,-1.138988284173098470e-01
1.098588225378480221e+00,8.547844661430794577e-01,-2.122196462721033794e-01
3.242758241909347583e-01,2.248008906832372200e-01,1.761890508722464832e-01
-6.209523844952232752e-01,-3.755531040432454060e-02,2.059739706972466000e-01
6.175220298017083387e-01,-2.895253065889388244e-01,-9.984886051091110271e-02
-4.798801244708173624e-02,7.510677048863388661e-02,-1.650804005456444068e-01
-1.177539596846066239e+00,-1.162531779381377611e-01,2.274632249121708583e-01
-7.049857982609991636e-01,9.314821784869972143e-01,-9.388928448240366209e-02
-7.583653588247001309e-01,9.475555966695262122e-02,-6.334912504119850907e-02
-9.560248464118151213e-02,-4.568851458008303945e-01,-2.190971373231179464e-01
2.197037965202141563e-01,3.651267190087388592e-02,1.463583772547884521e-01
2.384552081878497654e-01,2.737895567853780299e-01,1.537231559110479040e-01
3.767165304452923524e-01,-1.432711623261631595e-01,-8.097071485236276289e-02
-9.849997343687051654e-02,7.948039827255017897e-01,-1.364990818170232489e-01
-2.046566451986874535e-01,1.654697934713007523e-01,-3.508180482783225529e-02
-1.540541362144215998e-01,3.968792586029244451e-01,-4.190654913868588349e-01
1.667813848212172101e-01,2.892703313499823681e-01,-5.013101733761593515e-02
3.718977344108621574e-01,-2.025026734516825189e-01,5.253857278160707633e-02
-4.671024277421801374e-01,5.638777644232938480e-01,-5.116649856399069218e-02
5.933881759680382784e-01,7.243519039602812626e-01,-1.075535635742492502e-01
-7.569576560938248155e-01,-2.203668934952041636e-01,1.689170695820300938e-01
2.453864778634368415e-01,-2.903575101675178738e-01,1.197412537945307526e-01
2.788050635511439834e-01,-9.433806470719632298e-01,1.363695862728215302e-01
-5.616727103013172684e-01,-7.832444975419035060e-01,-3.459162405819083963e-01
-9.831200288606140730e-03,1.140768106925233338e+00,3.284456402448672208e-01
9.956479480914769420e-01,-3.342709066322520073e-01,-8.664241972156985772e-02
-7.740714582832137758e-01,5.312085004077469197e-01,-1.544407505268585168e-01
-7.184639955650380660e-02,-8.813630775036080944e-01,-2.351587776577460931e-01
-2.933294121514303798e-01,4.407123492589877789e-01,1.482137026129574653e-01
-7.071208316374925085e-01,-2.100696302217289202e-01,-1.115263926059834737e-01
1.200600522815622018e+00,1.028114764530024539e-01,4.422201782684327398e-01
5.890812459669729773e-01,3.239529602591146862e-01,-8.485492863327147306e-02
3.272617094833136786e-01,8.710503468560372164e-01,-1.010389257410451574e-01
-8.323917657626385136e-01,-6.635989545893453134e-02,-3.953425806423668809e-01
-7.990392481596193530e-01,-4.659891947629460907e-01,4.621962122143476875e-02
-2.420577732309999175e-01,-6.980991066712082249e-01,-1.497681779613371789e-01
-6.706057536907121704e-03,9.228117690382467431e-02,-2.314858061749479057e-01
-4.923127830651988918e-02,-1.455505796498617402e-02,-2.934486344401425195e-01
3.217230904322203044e-01,-4.406002131602580474e-01,3.342201494588873389e-01
-7.909129172141471376e-01,-7.296855551505683213e-01,-4.604467348400105575e-02
1.155021503750836426e-01,-2.009529827158469950e-01,-3.430627353351812237e-01
1.114690751591059376e-01,6.146190273450478220e-02,-1.710258238502582878e-02
-3.025317928835103420e-01,1.112309248690105112e-01,-4.757020707376706237e-01
-1.033502307157027969e-02,3.079444102389361504e-03,9.910424114489443936e-02
1.184878527029237238e-01,-3.714396280454609345e-01,1.254932668196289958e-01
4.026771820763617171e-01,3.092793874134230903e-01,3.290037393921266817e-01
9.468162603241225828e-01,-2.116095433240704204e-01,1.569808249427327718e-01
1.101496289261823663e-01,4.454199952933072804e-01,-3.469881536149273249e-02
-2.724570330155927714e-03,-7.341915046536402756e-02,-3.061650728112444986e-01
1.933068739841087569e-01,2.044267764525928843e-01,-1.821829918536141957e-01
5.341872546139979638e-01,-5.600880957683945782e-01,4.021859416040709373e-02
-1.009476430816237391e+00,-1.453680404621609801e-01,-2.356588495951468798e-01
1.257963437486654179e+00,-6.076826307830245355e-01,-4.221425226977405798e-02
-6.684743119437537295e-01,-5.639758192695565331e-01,-9.433275778759371566e-02
-2.504325742947238753e-01,1.147595121926391071e-01,1.082211992575200510e-01
5.953337238664626607e-01,-2.600261919783953823e-01,2.141894978569815200e-01
-2.304307700296341355e-01,-7.287114056497083769e-01,2.005035423467515510e-01
1.319832663599027900e-01,4.331166018993323208e-01,2.162130357165349959e-01
-1.058346854370450618e+00,-2.936644535517003440e-01,-1.660752470843161743e-01
4.365703667071258454e-01,4.830887321303493076e-01,3.929581231192413870e-02
-1.095605598615803533e+00,-5.509967432484239591e-01,1.155208873323630980e-01
-2.600308901314046794e-01,-3.206483110787198276e-01,1.347511706662748443e-01
1.038498327237455721e+00,6.690531060336486480e-01,3.505517474114395321e-02
1.509527461269122850e-01,-2.787027543177029304e-02,-1.581956670397310361e-01
1.374967233993162619e-01,6.699424745748805421e-03,-2.107954504339751289e-01
2.448033168581543184e-01,-3.225158769105789247e-01,1.851224044910754762e-01
2.614149855381967535e-01,3.066039801916808361e-01,-1.838865064427749052e-01
1.774921350395672892e-01,8.310852330680514044e-02,1.384452433407977190e-01
-4.514901979718334291e-01,-6.073928199342029099e-01,2.271879530627250454e-01
3.468927060470909929e-01,-8.366694708059039254e-01,-1.724726096848488710e-01
9.864010352017533734e-01,-4.716539535311587983e-01,2.959521255626456071e-01
5.389978624513617200e-01,-3.424708274756273485e-01,-6.621892423586032972e-02
-1.208398701090674238e-01,-3.789222920593833255e-01,3.179528531544956182e-01
-1.173090875477840189e-01,-8.165368228846585641e-01,6.039212428236959834e-02
-3.090334064569889017e-01,-1.215989524275738143e+00,1.151536216160055498e-01
-4.111356738917147924e-01,3.396176589770674714e-01,-1.618763346185230212e-01
5.060497295747081736e-01,-2.654333367742551242e-01,3.494304938537322325e-02
3.353760737535453340e-01,7.253192991734100925e-01,-9.286920272471446691e-02
-1.918465306074388366e-01,1.076836795875075331e-01,-3.301564620306410847e-01
8.080397616372388958e-01,-1.111696982453502125e+00,-3.495956919079685754e-01
3.832306184840110763e-01,1.547216309013971780e-01,2.040003072516922630e-02
-8.368367078687848071e-02,-3.684282421240334809e-02,-4.279853602985651539e-01
8.477769568910156761e-02,-6.312844782559334789e-03,6.116647457508568586e-02
6.081174593409250928e-01,-3.886325125470787012e-01,1.197399060436995788e-01
5.109858809312368688e-01,3.429905386997033623e-01,-1.006321697374576302e-01
5.770054778829708519e-02,-2.018269308653009020e-02,4.544700530689088080e-01
3.452202140198776248e-01,-9.515146740835736527e-02,7.753961772249721995e-02
-6.640931726214186481e-01,-2.221570132812281939e-01,3.316718182832052719e-02
6.850807408361442308e-01,-5.692924633697868941e-01,4.096090546377000041e-02
1.758922033559385534e-01,6.019899044959352297e-02,4.445210856943815347e-02
3.532613529360187909e-01,8.741594910567748178e-01,-1.858397069186421557e-01
9.196405894847977658e-01,4.298981840954659850e-01,-3.396174641757142565e-01
2.295273194776931702e-01,2.315628233688503401e-01,2.934694947631543704e-01
1.122748581039611643e-01,-4.167356188689806951e-01,2.758881739362291641e-01
-5.919644901258734881e-01,-4.184569768839370707e-01,-3.128797060694210510e-03
5.823565026774688569e-01,6.075042630335618643e-01,6.465470233780632459e-01
-7.220160186278700154e-01,-1.225619517646991119e-01,-1.556362647315788494e-01
4.475859237355289677e-01,4.331328055780829800e-01,-2.152057548520172614e-01
1.362765176871564843e-01,3.153569617421305704e-01,1.717855574471237046e-01
-3.123258866488882735e-01,1.735208003531341081e-01,4.171562415045996230e-01
-2.092186533511128099e-01,5.248634614498957074e-01,9.303210761415604824e-02
-3.818867886963941277e-02,7.355700382230351275e-01,1.765796780053061066e-02
8.981185379690301840e-01,7.498409476504111493e-02,3.829493288822358871e-02
7.704940277149335826e-01,5.583667369617444365e-01,-1.727295390155501598e-01
4.156055606259026480e-01,-1.440923968798585586e-01,4.054642911273957928e-01
1.024037324135007143e+00,-1.007605511540716758e-01,1.473049111448814230e-01
-1.098737181076429481e+00,-1.177890030443062397e+00,-2.699993873360521102e-01
1.550245864852760613e-01,-3.513468408637644425e-01,-1.290994341826333103e-01
3.935614764858467174e-01,-1.417694572061551916e-01,-5.580198379794004682e-02
2.968814993498987767e-02,1.369626014247763979e-01,-1.874875131012497254e-01
-2.107997190400031848e-02,1.534268842642510511e-01,-5.806924937645317059e-02
3.374970243073639464e-01,2.750529588188903030e-01,-4.264575365615053126e-02
5.527507008398834243e-01,-4.824088471963328476e-03,2.276480170297084382e-01
-1.368458668411452139e+00,-4.830270564499663521e-01,2.911647943434270136e-01
-4.121308615941829956e-01,7.271703254048907106e-02,3.021922667001576412e-01
-4.195872036392297444e-01,2.046490609406564354e-01,-1.457372634014735269e-01
7.549346229822412324e-01,-1.151540779061378750e+00,2.219718125198193448e-01
-1.590347123045088851e-01,2.385864432758718345e-01,-1.571156008933544818e-02
7.632889943172663783e-01,-1.122572388354383888e+00,-4.342040387096646539e-03
2.015019977056354550e-01,-1.034511436990978472e+00,1.756908204010623198e-01
-3.497158917207641160e-01,4.363400118148699075e-02,4.514235385415550361e-01
1.304014939386963778e+00,1.529435076869383181e-01,3.061190779482205609e-02
-2.443799246000460668e-01,-3.579281759470674951e-01,-1.715890696446580876e-01
2.848387087659133218e-02,-4.497763234168698498e-01,2.434214779047383370e-02
-1.182051120740587741e-01,6.939765234829065044e-02,3.884950891425965197e-02
2.479323451949468349e-01,-5.467439046644476663e-01,2.079139528944152493e-01
-3.914998467077216993e-01,8.054903649588590620e-02,-2.626603877311561308e-01
1.067745973208131527e-01,5.266564336561418980e-01,-2.047560975024922958e-01
4.218156535445379274e-01,8.666944142248410310e-02,4.956266852691514901e-01
-7.681074699023263674e-01,1.555828758553088297e-02,-2.889737166765607990e-01
-3.752820665689995394e-01,1.105567841933675632e+00,3.941051780080035982e-01
-3.810853489987444664e-01,1.607312152307703579e-01,-2.522492072712791480e-02
-9.395416943739665072e-01,3.560826609492896422e-01,-3.240464753651970398e-01
-1.119235148270288915e-01,-2.259551328584201157e-01,-1.849988757700729847e-01
-1.835456399898415664e-02,3.193425059230644014e-01,-1.247566168629312411e-01
-4.144369911479398039e-01,-2.254059612322505401e-01,-1.970598471649899763e-01
-1.215519496099314381e-02,-1.038150560988785054e-01,8.800315196687560904e-02
-5.434704768860308954e-01,-1.249565118236162009e+00,-7.293572242956417040e-02
5.281810324717125527e-01,-5.256869644852280032e-01,4.238512857185329497e-02
4.268670491277821166e-01,6.348350875223132128e-01,2.584763817109346842e-02
-2.553238013362825187e-01,-8.068532695187146109e-01,-5.259377700929990240e-02
2.489809269111080067e-02,1.516686594493126927e+00,-5.418920412090429822e-02
-6.141853128552555718e-01,7.251843342716753904e-01,2.722029070601270084e-01
-4.284696286304037066e-02,-2.813975472326242788e-01,5.733890245500752186e-02
2.323439538857186015e-01,-4.004973356250894345e-01,-2.082757086316843476e-01
6.866344004895916231e-02,-3.707730995091146897e-01,-6.638435929223894527e-02
3.933617179144865972e-01,-1.043787289730123469e+00,-2.471541754511411004e-01
-4.240133183467404976e-01,3.125144808010785202e-01,2.267997613463589579e-01
-4.826528574630854496e-01,3.798344718954238530e-03,2.846283422491506232e-01
4.961063859371070417e-01,4.303774483200117906e-01,5.275315018568488279e-02
-3.391110229329533654e-01,-1.059347436407610948e-01,8.853794428750637324e-02
6.605708785970392238e-01,-1.544912950760185533e-01,3.208957006781140708e-01
7.575260001732039283e-01,-4.807935090159231040e-01,-1.246219932899939459e-01
1.124239123866516810e+00,-1.927035977052344307e-01,2.715204517176492138e-01
-6.820382998277892961e-01,-6.649409730195662283e-01,-2.180241023384380805e-01
-7.078512504234432123e-01,2.616583730637923599e-01,4.206479639854333874e-02
-1.151948412575844599e-01,-4.995288799396879753e-01,-1.946528729384750522e-01
6.797927536865751019e-01,2.552917472140135355e-02,-2.430860401542892235e-01
-8.339319147415521494e-01,4.058526243752789142e-01,1.662473669262972686e-01
-5.188990022980179834e-02,-1.944976101907819055e-01,-8.799402473606214581e-02
-6.915509463727158579e-01,-3.167040374673629755e-01,-1.417924097255982008e-01
-6.027492938697890379e-01,-1.006332478249540585e-01,1.250536800040430996e-01
-2.615641148643358393e-01,4.570553656217907212e-01,5.724769287677137219e-01
-3.784731748901297155e-01,2.923942780722178503e-01,-6.726830865730654141e-02
-9.387104528836710815e-02,1.998874251894247334e-01,2.474296273547772207e-01
-4.562861691718258506e-01,3.792923091770091237e-01,1.641920219934493441e-01
2.526969837678265107e-01,3.181100582770728102e-02,-1.825877655373396302e-01
6.180269412616886358e-03,1.629146593124063958e-01,-5.254674243078327409e-03
-2.899083562837051486e-01,2.752043035884943478e-02,1.154132684026921707e-01
4.955451582610752581e-01,-7.205312235081542394e-01,2.332209298591744751e-01
-1.020435018016594836e-01,1.151868721522314232e+00,8.625707837294818714e-02
-1.128720419390990132e-01,6.158893723601834846e-01,-3.665290224980295442e-01
2.920644749386249600e-02,-5.225475150517670808e-02,-8.599636514998958148e-02
3.644370986886927843e-01,2.602445298357548564e-01,-4.931545987782293312e-03
-8.685468500815565207e-01,5.308059186556313147e-01,-2.822202904067928619e-01
-1.937092177284177319e-01,-4.509422199884733362e-01,-1.442003187113382601e-01
-7.695098054534229570e-01,-2.999740508243269321e-01,-7.718189783987514097e-02
-4.453252746472896595e-01,-5.484898337214333397e-01,2.068171214624388021e-01
-1.009644284908019163e+00,-3.174165343292177921e-01,-2.426331141971891925e-01
-2.275130849824558710e-01,-5.110955659024913889e-01,1.588396399361116651e-01
-5.974152318757375291e-01,3.590205915265451964e-01,-7.228986085005052742e-02
-4.025368667050813754e-01,6.115934910734426300e-01,-6.053885400606655309e-02
6.614156953665625283e-01,-1.246674178221329754e-01,-1.099610025083435083e-01
-5.215069018434995707e-01,1.300203670151043878e-01,7.744479800788436896e-02
-6.921670349093936858e-01,7.047780468993993797e-01,-2.414138235601428345e-02
7.894363694608720339e-01,4.727684672574898606e-02,-1.624504987824163527e-01
1.611262172351431432e-01,8.747740701397345442e-02,-3.098441075127069122e-01
-9.249354082978059055e-02,-1.274673889968657159e-01,3.142938820207694800e-02
-7.395640237669021122e-01,5.564394954983026276e-01,-2.054993379631250561e-01
1.703443944125373199e-01,5.265774525914963533e-01,3.165215568926827983e-01
-1.512124652206249253e-01,5.060031464017731434e-02,2.846899547406048780e-01
7.110353929573924592e-03,-3.835462561331316467e-01,-1.822231314348916331e-01
-6.266728867230801914e-01,-2.659814004608829219e-01,1.474794891905811811e-01
-4.108820692136324615e-01,4.919841545971664898e-01,-2.084734937289641488e-01
2.145853628273561020e-01,5.168551376743829584e-01,3.959711293005606370e-02
-1.347415867487309349e+00,-3.601194201852709331e-01,2.819167388456648715e-01
-7.561982177335969668e-01,8.691037115304215410e-01,3.594937543669861069e-01
-6.850244682332508328e-02,5.037687296892726652e-01,8.749687018670973537e-02
6.251995641514134228e-01,-2.360985978766441118e-01,1.233838196175192081e-01
1.733778856319061479e-01,2.917136107513852439e-01,-9.371242450544017832e-02
8.666591346278117447e-01,-1.459657628766546922e-01,-1.362605125079862645e-01
-1.618573979065875967e-01,9.166966719813611775e-01,-1.367160651203772892e-01
9.588061136838191834e-01,8.182379018005880855e-02,-3.325272306907040010e-01
7.460189022630393518e-01,6.837124033432168124e-01,-1.176151541793853672e-01
-9.627668799227858190e-03,2.666428144055736915e-01,6.967325359881973434e-02
3.938997627744963426e-01,-1.430277410601806243e-01,-6.564092578819544221e-02
-2.658863103534680333e-02,6.713569931319709472e-01,-3.313176022193108916e-01
-6.541529431930241945e-01,2.405691673672393782e-01,1.584990505557811180e-01
-1.261049119130331075e-01,-8.093663494542635214e-03,7.499559492340782119e-02
3.400991270869065386e-01,-6.580926767127920352e-01,2.258469070866593875e-01
1.486749810926892290e-01,-3.752504793942725847e-01,-2.884365655257425942e-01
-3.311656672373509691e-01,6.221574475526846504e-01,-5.187071976558008668e-01
1.245770195228531607e+00,-4.915814689835447671e-01,2.150859851570526560e-01
9.169590553195433591e-01,-2.747303840445114997e-01,-1.455884830928199161e-02
-4.933054770788976029e-01,-5.130704451754823925e-01,-1.881239954122687075e-01
3.684573213582310602e-01,-3.272559856070627604e-01,2.492414711506262676e-02
1.993106870757976323e-01,-1.349968750361559555e-01,9.882970833435514302e-02
-1.928943358940293090e-02,1.404301263104826281e-01,-3.630876588769141322e-01
6.946802769045807846e-01,-3.741259296222569641e-02,-1.787741655345343739e-01
-4.440273221373354784e-01,-1.849663993707063303e-01,-6.720931516103763326e-02
-7.476460491747812798e-01,4.533257846014269177e-01,-2.744362937808731973e-01
-6.795736004066750546e-03,-1.245438041055467293e+00,-1.217707178472660773e-01
7.068153202566691551e-01,-8.726012906888083176e-01,1.970928845651516090e-02
-1.939343225431126583e-01,1.946258595408078065e-02,-1.119913417000140132e-02
4.804201937192222327e-01,-3.485587282916511875e-01,-1.954521948821122679e-01
3.300591293494222755e-01,-1.640677101725782072e-01,5.315054053777050758e-01
8.354991639184870811e-02,-6.542253624157396974e-01,8.412123130911040858e-02
-1.719676597640624194e-01,3.715826928903184084e-02,1.233261010329455010e-01
5.700865764116225254e-01,7.602249479932681187e-01,3.701497327522411673e-01
-7.134891244931641785e-02,-8.475041078234359926e-01,-2.077447648953469408e-02
1.298186087269227240e+00,3.665027656548442980e-01,-1.619700623680705998e-01
8.147343949874479296e-01,7.170017927797085466e-01,2.253591679280479432e-01
4.691086812899978864e-01,-6.438304425783006324e-02,2.008822586299602031e-01
4.471692356474008534e-01,-5.611883558596144628e-01,1.934812602229361023e-01
3.057390365292935730e-01,-2.261749539675599885e-01,3.755242111550630840e-02
3.844713904682132144e-01,-1.262847126204323489e+00,1.994470119658023344e-01
9.056842377943516431e-02,-3.363974158322792229e-01,1.248519231036058635e-01
-7.943548503814891470e-02,2.212878639614196952e-01,1.629405568930145376e-01
-9.445191242028382062e-03,-5.503692447222024997e-01,2.364873698346182940e-01
6.213111592718089105e-01,-2.295551556836378515e-01,-9.117521358028143896e-02
5.708740468190323103e-01,-1.397314711453515879e-01,-2.671341965645276373e-01
3.567089248114796440e-01,3.142987093059239068e-01,-1.669953916005317285e-01
-5.050609768709628522e-01,-3.093692241380953112e-01,-1.439681997965052140e-01
-1.289019081894971164e+00,4.232836168717848402e-01,2.040194808374894697e-01
-1.270370719968514639e-01,3.489259513072890950e-01,8.626416540479089901e-02
-1.908695803783156952e-01,4.800781956038876475e-01,-2.402359234256192799e-01
-8.145208245684578685e-01,7.495101274901242450e-01,-1.091793750171642097e-01
1.205595935364575932e-01,5.441704804461859890e-01,2.140193244212499069e-01
6.350497670824832852e-01,-5.340685832835051494e-01,1.470429889666181322e-01
4.723144036237579557e-02,-1.069410405900251548e-01,-1.194138501372574990e-01
-2.424064728638413713e-01,-3.150303401064792341e-01,6.566544719695259491e-02
-2.181598400740605154e-02,9.006738788022293496e-02,-1.098282298997134976e-01
-1.974604124890141643e-01,5.009036808071910540e-01,2.704904148631926408e-01
1.020783733566648532e+00,-6.297007863782354553e-01,3.583417203337035950e-01
-1.196519610208844203e-01,4.162818828603745969e-01,3.914510668689593631e-01
8.441397903993973495e-01,3.724092595480393841e-01,1.129302630841975824e-01
-6.195738113836118943e-01,-1.864151990986827045e-01,-2.445544609742590636e-01
-6.647934794761227451e-02,-9.863341654097206035e-02,7.209348668825235618e-02
2.460658337698357623e-01,-3.942424644068220352e-01,-1.071244796589217313e-01
-5.856302366180773378e-01,-1.628796017789323924e+00,-1.893842446077402264e-01
3.489677835198467526e-01,1.897050933440294629e-01,-2.244688260599533580e-01
-8.803557845941023530e-02,-2.207919674905225449e-01,1.268571664864713289e-01
3.145248262651623335e-03,5.090831449732033942e-01,6.666068162946540976e-02
-5.278118855300247825e-01,-2.850665750223706496e-01,-3.659863587589480827e-01
1.396374182584950163e-01,8.576323233454082873e-01,-1.102926135475647690e-01
3.104537851896990025e-02,7.821863256074895743e-02,-1.688841230963791518e-01
2.227007011454041618e-01,2.030224883501288713e-01,-4.572935063750032114e-01
1.177048597819830567e-01,9.327487419712179872e-02,-1.186419870257854059e-01
2.598208504382605311e-01,6.555203666359002423e-02,1.385005713266078964e-01
-7.046791590946250849e-01,-8.031811483904466309e-01,-1.618231459874976685e-01
2.995203057337996605e-02,1.912648148599810916e-01,5.397034453246655206e-01
4.117568927844685867e-01,2.278352155958329184e-01,-7.654811057412525335e-03
3.284913003434382361e-02,4.620101134925699293e-01,1.921651691421941144e-01
-9.614479460213741779e-01,4.448137193500892872e-01,-6.690094391899480131e-02
-2.339652681465886064e-01,8.396285497598669767e-02,2.221198299929514341e-01
-2.380264543588014037e-01,8.426179877561063014e-01,5.216846701394865782e-02
-7.249932908758608407e-01,2.536517800723102622e-01,-6.228780031707645964e-02
3.721790479931287310e-01,-1.935529906040483472e-01,-1.484320233813754830e-01
-2.070639119757999025e-01,4.529866351638743571e-02,3.468499226167216787e-02
5.482378448211096267e-02,-3.821376006089877708e-01,-8.053413601787729609e-03
4.837044669502578442e-02,-8.660434277297394123e-01,1.025178685746172269e-01
5.749590908318041871e-02,-4.995543059865618085e-01,1.705165436151695191e-01
1.942252039720683277e-01,-1.176080534606607886e+00,4.916733490307224064e-01
-5.823906783016711414e-02,3.620476195437953293e-01,-1.492747196596833081e-02
-1.334481680670523418e-01,2.290664571319780407e-01,-7.125644654931426181e-02
2.261323708701471757e-01,2.752740536872130273e-01,6.736853140867591350e-01
4.757324383875289331e-01,6.478873493388399851e-02,2.022586513745994186e-01
-1.805986882338512789e-01,-1.659536785899322076e-01,-3.429451239096423937e-02
9.321697321501251077e-01,1.232825750593261188e-01,-1.232009149865396225e-01
3.967709597132810240e-01,8.586084733554202320e-01,9.160935860460876767e-02
-8.180181280113052456e-01,4.194938811957878155e-02,-1.175805121219107574e-01
-8.479732087933307128e-01,1.778089630942218946e-01,-1.109685427806403474e-01
-1.468738096524273007e-01,8.304416798555088741e-01,-2.854616652951423861e-01
-1.004587290677208256e-01,3.232476857805985926e-01,4.180338519271030728e-01
-1.800821076966607204e-01,1.956340008020884258e-01,2.277543530618251350e-02
4.789754860275206028e-01,5.233896800165197538e-01,1.580443927484168898e-01
-2.439917991769076089e-01,6.844296559076576969e-01,2.465476491498007697e-02
-4.229138664724051838e-02,-3.841515866361776554e-01,2.238053457924391587e-01
-1.799995468587848590e-01,3.568273216913558921e-02,1.446065316913890397e-01
-6.495259419034512538e-01,-7.421456418797335308e-01,9.042205885245062358e-02
2.230209103757537503e-01,1.540222947083512428e-01,-1.268647261735939835e-01
1.950201687228362291e-01,5.971874497394569214e-01,-5.735616201966620142e-02
4.323604373492595521e-01,8.651866764820045352e-01,-1.330896951289417540e-02
2.048822609231625014e-01,4.371144122659755271e-01,-1.137727052145149909e-01
-4.069345691693673217e-01,6.618681050833261637e-01,3.219234409026612564e-02
-5.311055985968262672e-01,-1.923370124183190755e-01,4.160812150138393228e-02
3.526428777433068817e-01,4.181308757865943027e-01,-2.645875811387032317e-01
-1.027683354699852503e+00,-2.229968098605938087e-01,2.958334322355899437e-01
9.424693886673132237e-01,-8.397816048857252857e-01,3.732407950342570557e-01
1.584300930330561907e-01,-3.105247616521775167e-01,3.949759137502156792e-01
2.451027368976144982e-01,-7.542812775497360622e-01,-9.640400587613012773e-02
-5.170008550277656045e-01,-1.936268978758985404e-01,1.793238000845299648e-02
-1.395675976369255555e-01,-2.065722564365614355e-01,-3.504518170653140308e-01
-4.288286274690551042e-02,2.361608773366599967e-01,1.943275575128623756e-01
1.228921773450555976e+00,1.362245703445805978e+00,2.311679018597800840e-04
4.061924744309758917e-01,-9.303875071358505000e-01,3.169898564257564444e-02
-3.955984375564398914e-02,-3.376297581734098996e-01,-6.919068080996808312e-02
-3.201203001813743287e-01,3.948556283175859438e-02,3.167457894387596395e-01
-4.837985441324060831e-01,5.956688177948783469e-01,7.606120932750977393e-02
-1.117744333435961579e+00,1.453395745274404204e-02,-1.968893293315268911e-01
8.640853916884324581e-01,1.031342545760875584e+00,-2.923005709054600151e-02
-8.611499251402415789e-01,1.173653278282211776e-01,2.400509015666003054e-01
1.405085164319257451e-01,4.732050800274830576e-02,-1.507867999090381217e-01
2.990515358158510328e-01,-4.665453282245651256e-01,-2.032814946308818538e-01
4.866226448527949389e-01,-1.416063965641422562e-01,-3.595841561825992017e-01
-3.415838157899385163e-01,3.041732184323550081e-01,-4.590171588251408252e-01
1.999302353157747514e-01,-1.284093284186720751e+00,4.242174112265922198e-02
1.192517722189964102e+00,6.557497413721928570e-02,1.300001867998656357e-01
-1.228923395513869254e-01,-8.720667619230122736e-02,-2.655250475848526248e-01
1.495953223506229224e-01,3.674170890022762093e-01,-2.881331345377630138e-01
-9.223573154236430760e-02,5.541698690884126755e-02,-9.924630049074065208e-02
-3.916322642438507806e-01,8.794109845576217888e-01,3.517591051281419856e-02
1.156156495644973248e+00,2.024069192925074742e-02,-2.055991179148238257e-01
6.865032773339498906e-01,-4.131739133433717792e-01,6.800294713333461527e-02
2.857362304987370871e-01,1.001415231470896172e+00,-1.470843531057291001e-02
-5.088658078844292554e-01,-9.953615239428078576e-01,3.077435124573186798e-01
-2.762951685379643613e-02,-7.632896014935583451e-02,-3.482465905130510131e-01
6.173705630749187767e-01,1.015814508814141481e+00,-1.371387702856562141e-01
-7.821244619818903399e-01,-2.189292358566790470e-02,4.459805414028233939e-02
-5.912993309849812196e-01,4.402437750117631221e-02,-2.130319334075862214e-01
6.863926106615868272e-02,1.009239189952873650e+00,-4.134248800822178938e-01
7.466015890991419823e-01,5.429061024282634262e-01,-4.076357570111250328e-01
-3.129619335839761707e-01,-4.895577560750851154e-01,-1.027023749560506821e-01
1.240778702087093760e-01,1.569175502129447480e-02,2.408776343280570609e-01
1.883327173692585788e-01,-1.356523490045815405e+00,4.633989321418868768e-02
-2.395293430738897611e-01,-2.576456495424516713e-01,-2.454621346653225733e-01
3.364078953840723418e-01,2.354978023502473650e-01,-1.988660755761552656e-01
-3.738311767526395490e-01,-2.736754072569519500e-03,-3.195674594385132794e-01
-2.133276382282673356e-01,4.045332854787156984e-01,-1.628183879250236221e-01
9.750022494956909203e-01,-6.288078434375540815e-02,5.536373747578006432e-02
-4.514391447660529577e-01,-3.575232454795964077e-01,-1.122094349355366727e-01
-9.187523512808285497e-01,2.819475403300647498e-02,2.101693650964953086e-01
-2.244642615345137648e-01,-3.173491818211692239e-01,-8.384247684084158991e-02
-2.504655201849745414e-03,-1.138052634804612051e+00,2.260203298416891757e-02
-1.030773699692875828e-01,7.439955086654406191e-01,3.099386760335163804e-01
-6.230615357761729728e-02,-3.172760006939639443e-01,-3.461884675226884478e-01
-1.115142146337146506e-01,1.811542994562385933e-01,-3.815430372121057789e-02
-4.907135706095883121e-01,4.766851646364105022e-02,-5.681956042272605367e-02
9.829310072641535001e-01,-6.900249231237104430e-01,1.050415657433147187e-01
5.721290047513021282e-01,-1.205580166845324763e-01,3.527317024160840642e-02
1.138559479378548484e-01,3.990334880598351841e-01,1.516265094826791948e-01
1.208079997782395942e+00,3.256368831671710429e-01,-1.159647224406286092e-01
3.263513954066872835e-01,2.812720800471001925e-01,-1.192343145796475323e-01
-4.354195958807192679e-01,-1.070118274649430434e+00,-2.703143033710723731e-01
-3.970611004875299055e-01,-3.155515708950166198e-01,1.310653613009455376e-01
9.166301805389004409e-02,-1.156700301511484480e-01,5.748589330853691448e-02
-4.465457462450000969e-01,2.686586352873723271e-01,-1.794922400785332606e-01
-1.002876302717155443e+00,6.073404454255214580e-01,1.295860752464152166e-01
2.941160852646192425e-01,-2.203184160862710628e-01,-3.967520223092799725e-01
2.059723050878695203e-03,6.252274691565573583e-01,-2.382426590154084617e-02
-4.272912251212241941e-01,1.323724584660008530e+00,-2.294103385989053057e-01
-4.525527700999721903e-01,-1.847042576707444983e-01,1.848901902100634764e-01
5.324500928817312712e-02,-3.103260800179201764e-02,-1.991771267259798972e-01
1.873624685130271528e-01,-2.921405990059848246e-01,-3.407096467944170648e-01
1.099378169011766895e-02,-6.058388732483468431e-01,3.216538590423444477e-01
1.098689026006980818e+00,-9.446371224543637091e-02,-6.893307990675764940e-02
5.684606333261126021e-02,8.597576007096721651e-02,-4.084629152170544952e-02
2.189729311397742850e-01,7.467076654952847781e-01,-3.063676678814123561e-02
-6.268548438314756055e-01,-3.703861220909644425e-01,2.921044934390840675e-01
-6.498890806409807208e-01,3.099827044023809597e-01,7.960032707992586564e-04
-7.303256454196691561e-01,-7.680628137651010490e-02,-1.132872093823317911e-01
-1.285436134589241997e+00,2.307671953631893480e-01,4.821585061143385947e-02
6.705753705756434258e-01,-8.812625619111409681e-02,-1.555257701624142008e-01
-8.879502792596583038e-03,-4.280504696398328979e-01,-4.841114137732164258e-01
1.455586176390621100e-01,-9.481401998730938363e-01,4.144877843768671744e-01
5.609152881445595984e-01,2.350081079411901475e-01,-1.836537005993899019e-02
1.094171285513751285e-01,4.952706484530352560e-01,4.909830588757206626e-02
-6.144947071261996907e-01,3.360460065737692625e-01,-2.307114984752977327e-01
-6.433485857078304893e-01,-1.438357066185002586e-01,8.699674107531973899e-03
2.913390161252893407e-01,8.706999221608595629e-01,-1.574171329129340768e-01
-6.955217251818355262e-01,4.891771471034911944e-01,1.099132810265470300e-01
3.670888232514950555e-01,-1.836370087774051030e-01,1.556475563278128527e-01
5.291836665002500606e-01,7.950062477173609476e-01,-3.799429716465563267e-02
8.648050439018106772e-01,2.189135822024888822e-01,-4.027578595862824767e-02
-5.443902433720688716e-01,3.177783910720778926e-01,-1.710626962109658075e-02
-1.474511561625562739e-01,-6.959940760412062222e-01,1.694715385311536815e-01
-3.292829682978396649e-02,3.952347761648265512e-01,-1.881331295139011262e-01
-3.994833921132676657e-01,9.845214457839061850e-02,3.036448425630069894e-04
1.052392867075713917e-01,5.347120817564693374e-01,1.485088852597814535e-01
-6.808876944915146501e-01,4.721132854906994192e-01,1.463439782383028631e-01
-2.872065108391991251e-02,7.891852423635454805e-01,-8.658032018057079671e-02
-2.740094385421404932e-01,4.054342175012237703e-01,-6.143890923174545604e-02
1.626675076996821900e-01,-4.415557237173549643e-01,1.330836564646282194e-01
-6.501810480182472762e-01,2.905932368934596166e-01,-5.253181295754130037e-02
2.253682581606005209e-01,-1.077227630911961470e-01,6.919352181731253451e-03
1.014827971914744192e-01,5.855254489118312256e-01,-1.667700596179244321e-01
8.173513972430346275e-01,-5.288438355978188898e-01,3.934269508162351048e-02
-6.655867734582030515e-01,-5.167184126610784300e-01,5.388902587786871257e-01
3.560093325018446331e-01,-2.606625718315905282e-01,3.807589605853295422e-01
-3.774377610543052652e-01,-6.366193581048426586e-02,2.182045319585318721e-01
-2.764652064158786698e-02,1.899629701299402063e-01,3.248781526207111694e-04
-5.062271478461977114e-01,-7.107834785487629481e-02,3.498750695904832564e-01
-5.755755221432827806e-01,-6.624094847313430900e-01,-1.866703198669447672e-01
1.077377879866000254e-01,5.414190569527471686e-01,-2.611317899785124963e-01
-4.292778446477839016e-01,9.331468019386683632e-02,2.587856703758785182e-01
1.774938026031373794e-01,4.329033948276038435e-02,5.485699808340207401e-02
-3.864311240572311790e-01,8.766750706030110862e-01,-1.895057271214467456e-03
-2.724597923344028727e-01,2.957662940580522148e-01,-2.445360657614886468e-01
-5.643261104207845588e-03,-4.678369795277861343e-01,-1.027085702203792000e-01
5.045717672243499319e-01,4.084261210734436709e-01,-2.153192797820685234e-01
-7.941021078863623739e-01,1.125890048745716854e-01,-2.393159332776775283e-01
-4.364550119410554596e-01,-4.581417944529007219e-02,1.406608163936925171e-01
2.892117807283089426e-01,-7.375574957421859867e-01,-1.848865267825252068e-01
-8.867353904060004677e-01,1.681460013973792578e-01,1.783865661559509361e-02
-3.074462855392130489e-01,-8.774612001094412861e-01,3.658905689757557811e-02
9.365330325350121887e-01,-1.397025857823511186e-01,1.983380706544506794e-02
-5.850230338704916905e-02,-1.443511994163118595e-01,1.650088763613760945e-01
3.116339942352754945e-03,-5.940110959165084692e-01,-3.115402213760033040e-02
1.098005701440617071e-01,-1.267313072076866332e-01,3.925188493041232851e-01
2.263756832383812534e-01,4.212328358011637741e-01,-3.037138315220281326e-01
9.963723854987842632e-01,-6.115391723011678188e-02,-6.813859509025770034e-02
2.731182609623055701e-01,1.469097643662012342e-01,-1.984468238018951558e-01
9.467497557956200405e-01,-4.266225807324029451e-01,-2.058505102422947264e-01
6.734864167709974092e-01,8.844276679156737320e-01,2.806955078752784716e-01
1.074700707504901154e-01,2.461335872218388746e-02,1.787955829695860588e-01
1.293994926949066482e+00,-1.281154358661825032e+00,-2.089676590596119543e-01
1.076862866640479588e+00,5.753350371794853091e-01,8.024947515615568627e-02
-9.578402290488682302e-01,-6.048170464420819098e-02,-2.905087152551600882e-01
-1.346339306229510091e-01,3.018198066733048801e-01,9.728389426646229243e-02
8.500109929558397059e-02,1.175417701912615742e+00,1.727112216769421393e-01
-3.365583542376748838e-01,-2.585094758626403921e-01,-2.562544159215828787e-01
-7.081388948496574187e-01,-1.228418224695738276e-01,2.811320530489999081e-01
2.328961039858346016e-01,-8.346977547903866590e-02,4.489423169790960483e-02
-2.356842951803828912e-01,-1.930174540003245787e-01,-4.730525124314548940e-02
4.530615440691973528e-01,5.469717831130072039e-01,4.978040822495143070e-02
1.893815011126215586e-01,-5.383449175594356984e-01,-1.865650806218392410e-01
4.825422821893200487e-01,4.941231965545592741e-01,1.298972713749029784e-01
1.537431878636765781e+00,1.724870237834176881e-02,2.030589945368053151e-01
6.941081623092790753e-01,-2.564114455635022605e-01,2.655063876990144678e-01
-5.713723978314602485e-03,-2.636214725390043090e-01,5.136831803778607597e-02
-7.774413678686291629e-01,-8.109427103741299880e-02,3.331797991846286999e-01
1.336173789421316593e-01,3.188828252957897624e-01,1.789607016498049319e-01
-4.156956247132959636e-01,2.201010188094262854e-01,1.481912887066076101e-01
-5.896804682329050973e-01,-3.498446119391543929e-01,1.446640875941409277e-01
2.117798730265885165e-01,1.964019023256822760e-01,1.591167642506031432e-01
-3.832252267659015943e-01,2.262706096757542973e-01,-1.604331063366835897e-01
1.590991755570916877e-01,5.087967333866825204e-01,-1.545517575720971037e-01
5.139601626966697895e-02,-4.861478620122092198e-01,-5.559001885640847407e-01
-1.550681257173349425e-01,-2.146665035018853196e-01,2.812954030717215170e-01
1.565826488404845618e-01,-1.689960205962766915e-01,4.021390842409407890e-02
7.192720925582724023e-02,2.024668124999219609e-01,1.499769456927900479e-01
4.975137738004768440e-01,-1.043584923129510234e+00,-9.526262261211848603e-02
-1.774348302273747735e-01,4.327894281736822668e-01,-2.300380421104434581e-01
1.972830761943476230e-01,-2.833110764929708258e-01,-3.387621873143933232e-02
4.250164872025883334e-01,2.864045494908403766e-01,-1.693607369694337395e-01
-3.360953522535904403e-01,-3.684685474051130425e-03,1.914047926749818385e-01
-1.647335348808572353e-01,4.035363493970106630e-01,-1.774236820554209171e-02
-7.457580885126161019e-02,1.374240464833392517e-01,1.483850028101784402e-01
1.262458775349639961e-01,-8.982330157017411054e-02,-3.608987837536632715e-02
7.272960761923551454e-01,-5.086920732227993153e-02,-3.074854931464908736e-01
6.041101801329984422e-01,4.969334510712171138e-01,3.119612165924170316e-02
-1.610250542819090247e-01,-3.409430151412966292e-02,8.440327066456894400e-02
-1.230249670922232585e+00,5.040254873638194688e-01,-1.894425664131613174e-01
-9.635354732064984606e-01,-3.405702077361141833e-01,-2.753569283081588326e-01
7.661702785775043392e-03,-7.577078904830831796e-01,-1.452389694524559849e-01
-7.051236783656689155e-01,-2.784074129281093324e-01,4.182570292987784766e-02
6.417673183763138445e-01,9.723757689689478401e-01,8.789510260738454817e-02
5.826662365742189126e-02,1.829463698145969985e-01,3.021320098076645325e-02
1.570869026102063304e-01,-5.249997560331308710e-01,1.139299402095175773e-02
-2.882362195882278710e-01,4.173975518920091110e-01,-1.133484719767627463e-01
1.146864585624139121e-01,3.246903786238649059e-01,-3.601833988483789384e-02
6.331286937737340415e-01,-3.769564582843187295e-01,-2.785490066277940824e-01
2.045246664009115270e-02,-5.476144398110436295e-01,2.803457830936672002e-01
-4.117749312721275534e-01,2.044586110023709491e-01,2.226024511021699459e-01
-9.281771874444135761e-01,-2.768278251940839985e-01,2.125045786195938757e-01
3.500094235800697007e-01,-1.324970416844817866e-01,-5.435900114779275427e-02
-1.189734701895892588e+00,8.391579208401491741e-01,-1.746891457358888955e-01
6.106242361625452419e-01,1.043261056412699173e+00,-2.577539144692281292e-01
-7.778611461519879811e-01,-5.591516817177882848e-01,-2.510957311122911581e-02
-3.384875997837837325e-01,-9.905057025979520369e-02,-8.441791686215083246e-02
-4.936774012785887789e-01,5.479322376709696574e-01,4.284371534345798871e-03
7.129369419733575519e-01,-3.158436870856246581e-01,-1.623091186155049825e-01
-1.967581816319265431e-01,3.615236237263221714e-02,-3.889650892223419504e-02
3.017974483853855250e-01,5.921448799448074396e-02,3.154059728829967102e-01
-3.374043594665199208e-02,3.553721570615658298e-01,3.551500656575395931e-01
6.078617033456350516e-01,-1.053138097269673834e-01,1.484101475610940246e-01
-3.113735152142640406e-01,1.863170721047371914e-01,-2.120560862397943835e-01
-5.978919794936764509e-01,-3.731916971065392663e-01,-3.330183420382089032e-01
2.327445588785146541e-02,5.264658463464787497e-01,-1.892467346764701575e-01
-2.287906542413268851e-01,1.113320095230980744e+00,-1.632173279392411525e-01
-6.271300222654064838e-01,9.983852936153141122e-02,-1.881721587580707789e-01
-2.590730159414117995e-01,-7.302789584877596996e-01,3.167080499390902137e-02
-4.543155339603857645e-01,5.725068089662059823e-01,2.065050556365077838e-01
-9.060073299198476704e-01,-1.785111722079958940e-01,-9.616054244141129803e-02
4.997119213055727371e-01,8.888245847335622951e-01,1.252854849914068480e-01
-1.317547135094698230e-01,-1.134889760999151093e-01,4.900704005606561220e-02
-1.542263366453191509e-01,-3.137533999116741412e-02,-1.353513554034655418e-02
2.022281547027801607e-02,7.675218572171573772e-01,9.263536322903322129e-02
6.149415951965132854e-02,-5.371912154101150527e-01,-2.385003574009015581e-01
2.720990046299626153e-01,8.163229896961106125e-01,-1.689282387311132339e-01
6.359909718868718143e-01,1.242402165304118400e-01,6.462148343749993251e-02
-1.862928609849737183e-01,-3.972660000689575144e-01,2.507639033998883965e-02
-5.279844259904556969e-01,-7.129957290846515860e-01,5.767038460988316469e-03
6.139022310211749156e-01,-2.062610535806984891e-01,8.481297154942199490e-02
-1.378316108905439097e-01,-5.562504965892319797e-01,-4.296913316905039831e-02
9.397599274662888913e-01,-9.261778106297496871e-01,-3.131883350081773876e-01
-1.265592938846056559e-01,1.192704627656253846e+00,-8.303466622124766605e-02
6.334377796245037606e-01,3.055330271579156931e-01,-8.839214587242712196e-02
-7.620129705231409867e-02,-2.427127171760954383e-01,3.308267084196454544e-01
2.290406569613908164e-02,2.296741975989343987e-01,-1.457506963287016899e-01
-1.110745314824206575e+00,4.775674070696761531e-01,-4.629844654544801319e-02
7.040345953147199021e-01,1.679550563421328968e-01,-1.078996413030498952e-01
-6.412419276401215562e-01,-3.103485878044450752e-01,4.479083777148501477e-01
4.872611663352081068e-01,-1.143464854693215516e-01,-1.588646596494828478e-01
2.636065698820450609e-01,-6.681990702390350201e-02,-2.106183183408430748e-01
-1.420102520847337790e-01,9.286155638949946667e-01,-2.420157056745710772e-02
3.794592811541447341e-01,-8.848070877355057595e-01,1.418911858731673470e-01
-3.156563295163997696e-01,-4.443237839868972583e-01,-1.373941922860122357e-03
2.223736556510259033e-01,-4.486830303300679001e-01,1.528334002588787599e-01
-8.361965267460753914e-02,-5.640012220358083805e-01,2.413366925484043135e-01
-2.740080354513774186e-01,-6.823738805555554787e-01,-9.136585664338847668e-02
-9.695366495502907855e-02,1.427873158650830587e-01,1.049752431265746910e-01
-2.675881342769174664e-01,1.578841695830793812e+00,3.209607018800468559e-02
5.345726541009825084e-02,-5.716499958104439560e-01,-1.797686860687826571e-01
